Year,Variable,Mean_RMSE,Mean_MAE
2019,tmpsf,0.830687,0.7184804
2019,qnet,91.499176,71.741234
2020,tmpsf,1.01136,0.8982594
2020,qnet,103.85571,83.40916
